{
  "battery": 0.9955555555555555,
  "biological": 0.9791666666666666,
  "brown-glass": 0.96,
  "cardboard": 0.96,
  "clothes": 0.9875,
  "green-glass": 0.9911111111111112,
  "metal": 0.9541666666666667,
  "paper": 0.9955555555555555,
  "plastic": 0.8666666666666667,
  "shoes": 0.9791666666666666,
  "trash": 0.9625,
  "white-glass": 0.9777777777777777
}